n_samples,integral
15616,0.6241944517696967
25168,0.6310847948868927
50560,0.6304950531934083
91225,0.5847048256546845
104225,0.6232035884150651
103900,0.6304771334113821
228492,0.6305145049140222
