n_samples,integral
476160,1.0200434060466723
982016,0.6305880364280692
1149952,0.6290705724711303
1656064,0.6307210407924071
1612032,0.6305697039304266