n_samples,integral
9300,0.8950936558181795
46900,0.6369308273095149
70100,0.6307332372366586
98675,0.6304729084955175
135200,0.6309984539116751
